{"skeleton":{"hash":"HgQWv1l5JEhat9uM4FCui4sIRRA","spine":"2.0.16","width":188.38,"height":331.24},"bones":[{"name":"root"},{"name":"Hip","parent":"root","y":94.88},{"name":"L_Ground","parent":"root","x":-31.28,"y":0.26,"color":"00ff00ff"},{"name":"LookTarget","parent":"root","x":112.83,"y":218.2,"color":"8a009bff"},{"name":"R_Ground","parent":"root","x":28.11,"y":0.26,"color":"ff0000ff"},{"name":"L_Ankle","parent":"L_Ground","x":0.26,"y":33.05,"color":"ff3f00ff"},{"name":"LookConstraintGoal","parent":"LookTarget","y":-43.82,"color":"ff3f00ff"},{"name":"R_Ankle","parent":"R_Ground","y":31.79,"color":"ff3f00ff"},{"name":"body","parent":"Hip","length":60.79,"x":4.09,"y":3.17,"rotation":92.7},{"name":"thigh1","parent":"Hip","length":23.94,"x":-17.51,"y":-5.22,"rotation":-107.07},{"name":"thigh2","parent":"Hip","length":23.65,"x":21.85,"y":-5.86,"rotation":-85.46},{"name":"head","parent":"body","length":24.35,"x":74.55,"y":-4.84,"rotation":-92.69},{"name":"mantles","parent":"body","x":48.47,"y":-9,"rotation":-2.25},{"name":"shin1","parent":"thigh1","length":28.23,"x":29.76,"y":-0.91,"rotation":10.26},{"name":"shin2","parent":"thigh2","length":25.35,"x":31.99,"y":2.96,"rotation":-2.25},{"name":"upperarm1","parent":"body","length":19.35,"x":52.49,"y":41.84,"rotation":130.11},{"name":"upperarm2","parent":"body","length":25.98,"x":57.94,"y":-38.93,"rotation":-178.95},{"name":"capeRoot","parent":"mantles","x":19.61,"y":14.01,"rotation":-90.45},{"name":"foot1","parent":"shin1","length":27.07,"x":28.17,"y":-0.48,"rotation":-90.96,"inheritRotation":false},{"name":"foot2","parent":"shin2","length":22.28,"x":25.54,"y":0.27,"rotation":-90.42,"inheritRotation":false},{"name":"forearm1","parent":"upperarm1","length":22.06,"x":23.97,"y":5.16,"rotation":30.56},{"name":"forearm2","parent":"upperarm2","length":15.3,"x":28.74,"y":-0.9,"rotation":6.79},{"name":"cape1","parent":"capeRoot","length":29.18,"x":-2.88,"y":-14.83,"rotation":-102.96},{"name":"hand1","parent":"forearm1","length":28.01,"x":27.54,"y":0.44,"rotation":16.24},{"name":"hand2","parent":"forearm2","length":23.76,"x":22.8,"y":-0.21,"rotation":1.35},{"name":"cape2","parent":"cape1","length":30.14,"x":29.18,"y":-0.06,"rotation":2.27},{"name":"weapon","parent":"hand2","length":157.4,"x":15.97,"y":1.43,"rotation":77.9},{"name":"cape3","parent":"cape2","length":32.51,"x":30.14,"y":0.22,"rotation":1.8},{"name":"cape4","parent":"cape3","length":33.02,"x":32.51,"y":0.06,"rotation":4.95}],"ik":[{"name":"L_Leg","bones":["thigh1","shin1"],"target":"L_Ankle","bendPositive":false},{"name":"R_Leg","bones":["thigh2","shin2"],"target":"R_Ankle","bendPositive":false},{"name":"LookConstraint","bones":["head"],"target":"LookConstraintGoal","mix":0}],"slots":[{"name":"cape","bone":"capeRoot","attachment":"cape"},{"name":"upperarm2","bone":"upperarm2","attachment":"upperarm2"},{"name":"hand2","bone":"hand2","attachment":"hand2"},{"name":"weapon","bone":"weapon","attachment":"Sword"},{"name":"fingers","bone":"hand2","attachment":"fingers"},{"name":"forearm2","bone":"forearm2","attachment":"forearm2"},{"name":"thigh2","bone":"thigh2","attachment":"thigh2"},{"name":"foot2","bone":"foot2","attachment":"foot2"},{"name":"shin2","bone":"shin2","attachment":"shin2"},{"name":"thigh1","bone":"thigh1","attachment":"thigh1"},{"name":"foot1","bone":"foot1","attachment":"foot1"},{"name":"shin1","bone":"shin1","attachment":"shin1"},{"name":"body","bone":"body","attachment":"body"},{"name":"upperarm1","bone":"upperarm1","attachment":"upperarm1"},{"name":"forearm1","bone":"forearm1","attachment":"forearm1"},{"name":"hand1","bone":"hand1","attachment":"hand1"},{"name":"mantles","bone":"mantles","attachment":"mantles"},{"name":"head","bone":"head","attachment":"head"},{"name":"mouth","bone":"head","attachment":"mouth"},{"name":"eyes","bone":"head","attachment":"eyes"},{"name":"sword","bone":"root"}],"skins":{"default":{},"White":{"body":{"body":{"name":"White/body","x":27.57,"y":2.29,"rotation":-92.7,"width":97,"height":95}},"cape":{"cape":{"name":"White/cape","type":"skinnedmesh","uvs":[0.1298,0.04145,0.25,0,0.5,0,0.75,0,1,0,0.94074,0.25,0.90405,0.5,0.90969,0.75259,0.82336,1,0.55643,1,0.28104,1,0,1,0,0.75518,0.02821,0.5,0.05926,0.25,0.25,0.25,0.25,0.5,0.25,0.75,0.5,0.25,0.5,0.5,0.5,0.75,0.75,0.25,0.75,0.5,0.75,0.75],"triangles":[20,22,23,23,6,7,12,13,17,11,12,17,10,17,20,11,17,10,9,20,23,10,20,9,8,23,7,9,23,8,13,16,17,17,19,20,14,15,16,13,14,16,16,18,19,19,21,22,17,16,19,20,19,22,23,22,6,0,1,15,14,0,15,15,2,18,18,3,21,16,15,18,19,18,21,6,22,21,5,6,21,15,1,2,18,2,3,5,21,3,4,5,3],"vertices":[2,17,-83.99,12.58,0.46604,22,-8.57,-85.18,0.53395,2,17,-47.49,12.58,0.68358,22,-16.73,-49.61,0.31641,1,17,-10.99,12.58,1,1,17,25.5,12.58,1,1,17,62,12.58,1,5,17,62,-27.16,0.46827,22,-2.49,66,0.34919,25,-29.04,67.26,0.138,27,-57.05,68.86,0.03802,28,-83.3,76.26,0.0065,5,17,62,-66.91,0.10393,22,36.24,74.89,0.24994,25,10.01,74.62,0.32221,27,-17.77,74.99,0.22166,28,-43.64,78.98,0.10223,5,17,62,-106.66,0.00721,22,74.98,83.79,0.07037,25,49.07,81.98,0.23464,27,21.49,81.11,0.35566,28,-3.99,81.69,0.3321,4,22,121.89,57.11,6.8E-4,25,94.89,53.47,0.03735,27,66.39,51.18,0.18593,28,38.16,48,0.77602,3,25,101.65,17.6,1.8E-4,27,72.02,15.11,0.0066,28,40.65,11.58,0.9932,2,27,77.64,-20.94,0.05302,28,43.15,-24.82,0.94697,3,25,115.16,-54.13,0.00351,27,83.27,-57,0.13964,28,45.65,-61.23,0.85684,4,22,107.65,-58.5,0.02404,25,76.1,-61.49,0.08882,27,43.99,-63.13,0.31703,28,5.99,-63.95,0.57009,5,17,-83.99,-66.91,0.00248,22,68.91,-67.39,0.18233,25,37.04,-68.85,0.31987,27,4.72,-69.26,0.35134,28,-33.66,-66.67,0.14396,5,17,-83.99,-27.16,0.05345,22,30.17,-76.29,0.47788,25,-2.02,-76.21,0.33484,27,-34.55,-75.38,0.12468,28,-73.31,-69.39,0.00913,5,17,-47.49,-27.16,0.04861,22,22,-40.71,0.52446,25,-8.77,-40.34,0.34709,27,-40.17,-39.32,0.07735,28,-75.81,-32.98,0.00247,4,22,60.74,-31.82,0.12714,25,30.28,-32.98,0.45018,27,-0.9,-33.19,0.37754,28,-36.15,-30.26,0.04511,4,22,99.48,-22.92,0.00852,25,69.34,-25.62,0.04332,27,38.37,-27.07,0.37472,28,3.49,-27.54,0.57342,1,22,13.83,-5.14,1,2,25,23.52,2.88,0.74116,27,-6.52,2.86,0.25883,3,25,62.59,10.24,0.01792,27,32.74,8.99,0.48072,28,1,8.87,0.50134,5,17,25.5,-27.16,0.37653,22,5.66,30.42,0.49807,25,-22.29,31.39,0.10748,27,-51.42,32.8,0.01629,28,-80.8,39.84,0.0016,5,17,25.5,-66.91,0.05159,22,44.41,39.32,0.2736,25,16.77,38.75,0.45121,27,-12.15,38.92,0.18086,28,-41.15,42.56,0.0427,5,17,25.5,-106.66,1.7E-4,22,83.15,48.21,0.01708,25,55.83,46.11,0.12238,27,27.12,45.05,0.35747,28,-1.49,45.28,0.50287],"hull":15,"edges":[0,2,2,4,4,6,6,8,8,10,10,12,12,14,16,18,18,20,20,22,22,24,24,26,26,28,28,0,14,16],"width":146,"height":159}},"eyes":{"eyes":{"name":"White/eyes","x":6.48,"y":50.75,"rotation":0.12,"width":82,"height":31}},"fingers":{"fingers":{"name":"White/fingers","x":16.21,"y":1.37,"rotation":82.36,"width":31,"height":33}},"foot1":{"foot1":{"name":"White/foot1","x":12.55,"y":0.12,"rotation":90.96,"width":50,"height":42}},"foot2":{"foot2":{"name":"White/foot2","x":8.83,"y":2.92,"rotation":90.42,"width":53,"height":38}},"forearm1":{"forearm1":{"name":"White/forearm1","x":11.88,"y":-5.04,"rotation":106.61,"width":41,"height":49}},"forearm2":{"forearm2":{"name":"White/forearm2","x":13.08,"y":-0.63,"rotation":83.71,"width":31,"height":32}},"hand1":{"hand1":{"name":"White/hand1","x":11.92,"y":-0.7,"rotation":90.37,"width":37,"height":48}},"hand2":{"hand2":{"name":"White/hand2","x":14.23,"y":1.64,"rotation":82.36,"width":31,"height":37}},"head":{"head":{"name":"White/head","x":9.43,"y":71.75,"rotation":0.12,"width":172,"height":173}},"mantles":{"mantles":{"name":"White/mantles","x":12.71,"y":16.68,"rotation":-90.45,"width":136,"height":55}},"mouth":{"mouth":{"name":"White/mouth","x":12.07,"y":10.76,"rotation":0.12,"width":61,"height":13}},"shin1":{"shin1":{"name":"White/shin1","x":8.95,"y":0.67,"rotation":96.8,"width":53,"height":57}},"shin2":{"shin2":{"name":"White/shin2","x":2.25,"y":-2.94,"rotation":87.71,"width":51,"height":54}},"thigh1":{"thigh1":{"name":"White/thigh1","x":11.98,"y":-1.01,"rotation":107.07,"width":60,"height":63}},"thigh2":{"thigh2":{"name":"White/thigh2","x":15.7,"y":-4.61,"rotation":85.46,"width":57,"height":64}},"upperarm1":{"upperarm1":{"name":"White/upperarm1","x":6.6,"y":0.05,"rotation":137.18,"width":50,"height":56}},"upperarm2":{"upperarm2":{"name":"White/upperarm2","x":13.32,"y":-2.21,"rotation":90.45,"width":39,"height":59}}}},"events":{"Footstep":{}},"animations":{"Crouch":{"bones":{"upperarm2":{"rotate":[{"time":0,"angle":28.82,"curve":"stepped"},{"time":1,"angle":28.82}],"translate":[{"time":0,"x":0,"y":0,"curve":"stepped"},{"time":1,"x":0,"y":0}]},"body":{"rotate":[{"time":0,"angle":-36.77,"curve":"stepped"},{"time":1,"angle":-36.77}],"translate":[{"time":0,"x":-0.41,"y":-2.32,"curve":"stepped"},{"time":1,"x":-0.41,"y":-2.32}]},"head":{"rotate":[{"time":0,"angle":30.45,"curve":"stepped"},{"time":1,"angle":30.45}],"translate":[{"time":0,"x":-4.42,"y":-2.85,"curve":[0.361,0.63,0.697,1]},{"time":0.1666,"x":-4.84,"y":-3.05,"curve":[0.25,0,0.75,1]},{"time":0.6666,"x":-2.35,"y":-1.86,"curve":[0.36,0.43,0.701,0.8]},{"time":1,"x":-4.42,"y":-2.85}]},"Hip":{"rotate":[{"time":0,"angle":0,"curve":"stepped"},{"time":1,"angle":0}],"translate":[{"time":0,"x":-11.22,"y":-29.62,"curve":[0.25,0,0.75,1]},{"time":0.5,"x":-11.22,"y":-27.36,"curve":[0.25,0,0.75,1]},{"time":1,"x":-11.22,"y":-29.62}]},"mantles":{"rotate":[{"time":0,"angle":5.17,"curve":"stepped"},{"time":1,"angle":5.17}],"translate":[{"time":0,"x":-0.09,"y":0,"curve":"stepped"},{"time":1,"x":-0.09,"y":0}]},"L_Ground":{"rotate":[{"time":0,"angle":0,"curve":"stepped"},{"time":1,"angle":0}],"translate":[{"time":0,"x":-10.04,"y":1.18,"curve":"stepped"},{"time":1,"x":-10.04,"y":1.18}]},"R_Ground":{"rotate":[{"time":0,"angle":0,"curve":"stepped"},{"time":1,"angle":0}],"translate":[{"time":0,"x":0,"y":0,"curve":"stepped"},{"time":1,"x":0,"y":0}]},"upperarm1":{"rotate":[{"time":0,"angle":29.75,"curve":"stepped"},{"time":1,"angle":29.75}],"translate":[{"time":0,"x":0,"y":0,"curve":"stepped"},{"time":1,"x":0,"y":0}]},"forearm1":{"rotate":[{"time":0,"angle":10.14,"curve":"stepped"},{"time":1,"angle":10.14}],"translate":[{"time":0,"x":0,"y":0,"curve":"stepped"},{"time":1,"x":0,"y":0}]},"forearm2":{"rotate":[{"time":0,"angle":29.22,"curve":"stepped"},{"time":1,"angle":29.22}],"translate":[{"time":0,"x":0,"y":0,"curve":"stepped"},{"time":1,"x":0,"y":0}]},"thigh2":{"rotate":[{"time":0,"angle":0,"curve":"stepped"},{"time":1,"angle":0}],"translate":[{"time":0,"x":0,"y":0,"curve":"stepped"},{"time":1,"x":0,"y":0}]},"thigh1":{"rotate":[{"time":0,"angle":0,"curve":"stepped"},{"time":1,"angle":0}],"translate":[{"time":0,"x":0,"y":0,"curve":"stepped"},{"time":1,"x":0,"y":0}]},"foot1":{"rotate":[{"time":0,"angle":0,"curve":"stepped"},{"time":1,"angle":0}],"translate":[{"time":0,"x":0,"y":0,"curve":"stepped"},{"time":1,"x":0,"y":0}]},"foot2":{"rotate":[{"time":0,"angle":0,"curve":"stepped"},{"time":1,"angle":0}],"translate":[{"time":0,"x":0,"y":0,"curve":"stepped"},{"time":1,"x":0,"y":0}]},"cape4":{"rotate":[{"time":0,"angle":0,"curve":"stepped"},{"time":1,"angle":0}],"translate":[{"time":0,"x":0,"y":0,"curve":"stepped"},{"time":1,"x":0,"y":0}]},"cape3":{"rotate":[{"time":0,"angle":0,"curve":"stepped"},{"time":1,"angle":0}],"translate":[{"time":0,"x":0,"y":0,"curve":"stepped"},{"time":1,"x":0,"y":0}]},"weapon":{"rotate":[{"time":0,"angle":0,"curve":"stepped"},{"time":1,"angle":0}],"translate":[{"time":0,"x":0,"y":0,"curve":"stepped"},{"time":1,"x":0,"y":0}]},"cape2":{"rotate":[{"time":0,"angle":0,"curve":"stepped"},{"time":1,"angle":0}],"translate":[{"time":0,"x":0,"y":0,"curve":"stepped"},{"time":1,"x":0,"y":0}]},"hand2":{"rotate":[{"time":0,"angle":0,"curve":"stepped"},{"time":1,"angle":0}],"translate":[{"time":0,"x":0,"y":0,"curve":"stepped"},{"time":1,"x":0,"y":0}]},"hand1":{"rotate":[{"time":0,"angle":17.64,"curve":"stepped"},{"time":1,"angle":17.64}],"translate":[{"time":0,"x":0,"y":0,"curve":"stepped"},{"time":1,"x":0,"y":0}]},"cape1":{"rotate":[{"time":0,"angle":0,"curve":"stepped"},{"time":1,"angle":0}],"translate":[{"time":0,"x":0,"y":0,"curve":"stepped"},{"time":1,"x":0,"y":0}]},"capeRoot":{"rotate":[{"time":0,"angle":0,"curve":"stepped"},{"time":1,"angle":0}],"translate":[{"time":0,"x":0,"y":0,"curve":"stepped"},{"time":1,"x":0,"y":0}]},"shin2":{"rotate":[{"time":0,"angle":0,"curve":"stepped"},{"time":1,"angle":0}],"translate":[{"time":0,"x":0,"y":0,"curve":"stepped"},{"time":1,"x":0,"y":0}]},"shin1":{"rotate":[{"time":0,"angle":0,"curve":"stepped"},{"time":1,"angle":0}],"translate":[{"time":0,"x":0,"y":0,"curve":"stepped"},{"time":1,"x":0,"y":0}]},"R_Ankle":{"rotate":[{"time":0,"angle":0,"curve":"stepped"},{"time":1,"angle":0}],"translate":[{"time":0,"x":0,"y":0,"curve":"stepped"},{"time":1,"x":0,"y":0}]},"L_Ankle":{"rotate":[{"time":0,"angle":0,"curve":"stepped"},{"time":1,"angle":0}],"translate":[{"time":0,"x":0,"y":0,"curve":"stepped"},{"time":1,"x":0,"y":0}]}}},"Fall":{"bones":{"R_Ground":{"rotate":[{"time":0,"angle":0,"curve":"stepped"},{"time":1,"angle":0}],"translate":[{"time":0,"x":13.15,"y":7.94,"curve":"stepped"},{"time":1,"x":13.15,"y":7.94}]},"L_Ground":{"rotate":[{"time":0,"angle":0,"curve":"stepped"},{"time":1,"angle":0}],"translate":[{"time":0,"x":35.34,"y":4.14,"curve":"stepped"},{"time":1,"x":35.34,"y":4.14}]},"foot1":{"rotate":[{"time":0,"angle":19.62,"curve":"stepped"},{"time":1,"angle":19.62}],"translate":[{"time":0,"x":0,"y":0,"curve":"stepped"},{"time":1,"x":0,"y":0}]},"foot2":{"rotate":[{"time":0,"angle":39.16,"curve":"stepped"},{"time":1,"angle":39.16}],"translate":[{"time":0,"x":0,"y":0,"curve":"stepped"},{"time":1,"x":0,"y":0}]},"Hip":{"rotate":[{"time":0,"angle":0,"curve":"stepped"},{"time":1,"angle":0}],"translate":[{"time":0,"x":0,"y":0,"curve":"stepped"},{"time":1,"x":0,"y":0}]},"thigh1":{"rotate":[{"time":0,"angle":0,"curve":"stepped"},{"time":1,"angle":0}],"translate":[{"time":0,"x":0,"y":0,"curve":"stepped"},{"time":1,"x":0,"y":0}]},"thigh2":{"rotate":[{"time":0,"angle":0,"curve":"stepped"},{"time":1,"angle":0}],"translate":[{"time":0,"x":0,"y":0,"curve":"stepped"},{"time":1,"x":0,"y":0}]},"body":{"rotate":[{"time":0,"angle":14.13,"curve":"stepped"},{"time":1,"angle":14.13}],"translate":[{"time":0,"x":0,"y":0,"curve":"stepped"},{"time":1,"x":0,"y":0}]},"head":{"rotate":[{"time":0,"angle":-17.81,"curve":"stepped"},{"time":1,"angle":-17.81}],"translate":[{"time":0,"x":0,"y":0,"curve":"stepped"},{"time":1,"x":0,"y":0}]},"upperarm1":{"rotate":[{"time":0,"angle":-25.71,"curve":"stepped"},{"time":1,"angle":-25.71}],"translate":[{"time":0,"x":0,"y":0,"curve":"stepped"},{"time":1,"x":0,"y":0}]},"forearm1":{"rotate":[{"time":0,"angle":26.18,"curve":"stepped"},{"time":1,"angle":26.18}],"translate":[{"time":0,"x":0,"y":0,"curve":"stepped"},{"time":1,"x":0,"y":0}]},"upperarm2":{"rotate":[{"time":0,"angle":37.75,"curve":"stepped"},{"time":1,"angle":37.75}],"translate":[{"time":0,"x":0,"y":0,"curve":"stepped"},{"time":1,"x":0,"y":0}]},"forearm2":{"rotate":[{"time":0,"angle":12.3,"curve":"stepped"},{"time":1,"angle":12.3}],"translate":[{"time":0,"x":0,"y":0,"curve":"stepped"},{"time":1,"x":0,"y":0}]},"L_Ankle":{"rotate":[{"time":0,"angle":0,"curve":"stepped"},{"time":1,"angle":0}],"translate":[{"time":0,"x":0,"y":0,"curve":"stepped"},{"time":1,"x":0,"y":0}]},"R_Ankle":{"rotate":[{"time":0,"angle":0,"curve":"stepped"},{"time":1,"angle":0}],"translate":[{"time":0,"x":0,"y":0,"curve":"stepped"},{"time":1,"x":0,"y":0}]},"mantles":{"rotate":[{"time":0,"angle":0,"curve":"stepped"},{"time":1,"angle":0}],"translate":[{"time":0,"x":0,"y":0,"curve":"stepped"},{"time":1,"x":0,"y":0}]},"shin1":{"rotate":[{"time":0,"angle":0,"curve":"stepped"},{"time":1,"angle":0}],"translate":[{"time":0,"x":0,"y":0,"curve":"stepped"},{"time":1,"x":0,"y":0}]},"shin2":{"rotate":[{"time":0,"angle":0,"curve":"stepped"},{"time":1,"angle":0}],"translate":[{"time":0,"x":0,"y":0,"curve":"stepped"},{"time":1,"x":0,"y":0}]},"capeRoot":{"rotate":[{"time":0,"angle":0,"curve":"stepped"},{"time":1,"angle":0}],"translate":[{"time":0,"x":0,"y":0,"curve":"stepped"},{"time":1,"x":0,"y":0}]},"cape1":{"rotate":[{"time":0,"angle":0,"curve":"stepped"},{"time":1,"angle":0}],"translate":[{"time":0,"x":0,"y":0,"curve":"stepped"},{"time":1,"x":0,"y":0}]},"hand1":{"rotate":[{"time":0,"angle":0,"curve":"stepped"},{"time":1,"angle":0}],"translate":[{"time":0,"x":0,"y":0,"curve":"stepped"},{"time":1,"x":0,"y":0}]},"hand2":{"rotate":[{"time":0,"angle":0,"curve":"stepped"},{"time":1,"angle":0}],"translate":[{"time":0,"x":0,"y":0,"curve":"stepped"},{"time":1,"x":0,"y":0}]},"cape2":{"rotate":[{"time":0,"angle":0,"curve":"stepped"},{"time":1,"angle":0}],"translate":[{"time":0,"x":0,"y":0,"curve":"stepped"},{"time":1,"x":0,"y":0}]},"weapon":{"rotate":[{"time":0,"angle":0,"curve":"stepped"},{"time":1,"angle":0}],"translate":[{"time":0,"x":0,"y":0,"curve":"stepped"},{"time":1,"x":0,"y":0}]},"cape3":{"rotate":[{"time":0,"angle":0,"curve":"stepped"},{"time":1,"angle":0}],"translate":[{"time":0,"x":0,"y":0,"curve":"stepped"},{"time":1,"x":0,"y":0}]},"cape4":{"rotate":[{"time":0,"angle":0,"curve":"stepped"},{"time":1,"angle":0}],"translate":[{"time":0,"x":0,"y":0,"curve":"stepped"},{"time":1,"x":0,"y":0}]}}},"Idle":{"bones":{"upperarm2":{"rotate":[{"time":0,"angle":17.45}],"translate":[{"time":0,"x":0,"y":0}]},"body":{"rotate":[{"time":0,"angle":0}],"translate":[{"time":0,"x":0,"y":0,"curve":[0.25,0,0.75,1]},{"time":0.5,"x":0,"y":-3.7,"curve":[0.25,0,0.75,1]},{"time":1,"x":0,"y":0}]},"head":{"rotate":[{"time":0,"angle":0}],"translate":[{"time":0,"x":-1.06,"y":0,"curve":[0.382,0.57,0.735,1]},{"time":0.1666,"x":0,"y":0,"curve":[0.25,0,0.75,1]},{"time":0.6666,"x":-3.74,"y":0,"curve":[0.243,0,0.648,0.6]},{"time":1,"x":-1.06,"y":0}]},"Hip":{"rotate":[{"time":0,"angle":0,"curve":"stepped"},{"time":1,"angle":0}],"translate":[{"time":0,"x":0,"y":-0.07,"curve":[0.32,0.28,0.757,1]},{"time":0.4,"x":0,"y":-0.6,"curve":[0.25,0,0.75,1]},{"time":0.9,"x":0,"y":0,"curve":[0.284,0,0.625,0.38]},{"time":1,"x":0,"y":-0.07}]},"mantles":{"rotate":[{"time":0,"angle":0}],"translate":[{"time":0,"x":-0.09,"y":0,"curve":[0.3,0.21,0.755,1]},{"time":0.4333,"x":-1.41,"y":0,"curve":[0.25,0,0.75,1]},{"time":0.9333,"x":0,"y":0},{"time":1,"x":-0.09,"y":0}]},"L_Ground":{"rotate":[{"time":0,"angle":0}],"translate":[{"time":0,"x":0,"y":0,"curve":"stepped"},{"time":1,"x":0,"y":0}]},"R_Ground":{"rotate":[{"time":0,"angle":0}],"translate":[{"time":0,"x":0,"y":0,"curve":"stepped"},{"time":1,"x":0,"y":0}]},"upperarm1":{"rotate":[{"time":0,"angle":0}],"translate":[{"time":0,"x":0,"y":0}]},"forearm1":{"rotate":[{"time":0,"angle":0}],"translate":[{"time":0,"x":0,"y":0}]},"forearm2":{"rotate":[{"time":0,"angle":0}],"translate":[{"time":0,"x":0,"y":0}]},"thigh2":{"rotate":[{"time":0,"angle":0}],"translate":[{"time":0,"x":0,"y":0}]},"thigh1":{"rotate":[{"time":0,"angle":0}],"translate":[{"time":0,"x":0,"y":0}]},"foot1":{"rotate":[{"time":0,"angle":0}],"translate":[{"time":0,"x":0,"y":0}]},"foot2":{"rotate":[{"time":0,"angle":0}],"translate":[{"time":0,"x":0,"y":0}]},"cape4":{"rotate":[{"time":0,"angle":0}],"translate":[{"time":0,"x":0,"y":0}]},"cape3":{"rotate":[{"time":0,"angle":0}],"translate":[{"time":0,"x":0,"y":0}]},"weapon":{"rotate":[{"time":0,"angle":0}],"translate":[{"time":0,"x":0,"y":0}]},"cape2":{"rotate":[{"time":0,"angle":0}],"translate":[{"time":0,"x":0,"y":0}]},"hand2":{"rotate":[{"time":0,"angle":0}],"translate":[{"time":0,"x":0,"y":0}]},"hand1":{"rotate":[{"time":0,"angle":0}],"translate":[{"time":0,"x":0,"y":0}]},"cape1":{"rotate":[{"time":0,"angle":0}],"translate":[{"time":0,"x":0,"y":0}]},"capeRoot":{"rotate":[{"time":0,"angle":0}],"translate":[{"time":0,"x":0,"y":0}]},"shin2":{"rotate":[{"time":0,"angle":0}],"translate":[{"time":0,"x":0,"y":0}]},"shin1":{"rotate":[{"time":0,"angle":0}],"translate":[{"time":0,"x":0,"y":0}]},"R_Ankle":{"rotate":[{"time":0,"angle":0}],"translate":[{"time":0,"x":0,"y":0}]},"L_Ankle":{"rotate":[{"time":0,"angle":0}],"translate":[{"time":0,"x":0,"y":0}]}}},"Jump":{"bones":{"R_Ground":{"rotate":[{"time":0,"angle":0,"curve":"stepped"},{"time":1,"angle":0}],"translate":[{"time":0,"x":-6.83,"y":12.06,"curve":"stepped"},{"time":1,"x":-6.83,"y":12.06}]},"L_Ground":{"rotate":[{"time":0,"angle":0,"curve":"stepped"},{"time":1,"angle":0}],"translate":[{"time":0,"x":2.41,"y":1.2,"curve":"stepped"},{"time":1,"x":2.41,"y":1.2}]},"foot1":{"rotate":[{"time":0,"angle":-32.23,"curve":"stepped"},{"time":1,"angle":-32.23}],"translate":[{"time":0,"x":0,"y":0,"curve":"stepped"},{"time":1,"x":0,"y":0}]},"foot2":{"rotate":[{"time":0,"angle":-33.3,"curve":"stepped"},{"time":1,"angle":-33.3}],"translate":[{"time":0,"x":0,"y":0,"curve":"stepped"},{"time":1,"x":0,"y":0}]},"Hip":{"rotate":[{"time":0,"angle":0,"curve":"stepped"},{"time":1,"angle":0}],"translate":[{"time":0,"x":0,"y":0,"curve":"stepped"},{"time":1,"x":0,"y":0}]},"thigh1":{"rotate":[{"time":0,"angle":0,"curve":"stepped"},{"time":1,"angle":0}],"translate":[{"time":0,"x":0,"y":0,"curve":"stepped"},{"time":1,"x":0,"y":0}]},"thigh2":{"rotate":[{"time":0,"angle":0,"curve":"stepped"},{"time":1,"angle":0}],"translate":[{"time":0,"x":0,"y":0,"curve":"stepped"},{"time":1,"x":0,"y":0}]},"body":{"rotate":[{"time":0,"angle":-10.4,"curve":"stepped"},{"time":1,"angle":-10.4}],"translate":[{"time":0,"x":0,"y":0,"curve":"stepped"},{"time":1,"x":0,"y":0}]},"head":{"rotate":[{"time":0,"angle":4.89,"curve":"stepped"},{"time":1,"angle":4.89}],"translate":[{"time":0,"x":0,"y":0,"curve":"stepped"},{"time":1,"x":0,"y":0}]},"upperarm1":{"rotate":[{"time":0,"angle":22.69,"curve":"stepped"},{"time":1,"angle":22.69}],"translate":[{"time":0,"x":0,"y":0,"curve":"stepped"},{"time":1,"x":0,"y":0}]},"forearm1":{"rotate":[{"time":0,"angle":56.41,"curve":"stepped"},{"time":1,"angle":56.41}],"translate":[{"time":0,"x":0,"y":0,"curve":"stepped"},{"time":1,"x":0,"y":0}]},"upperarm2":{"rotate":[{"time":0,"angle":23.71,"curve":"stepped"},{"time":1,"angle":23.71}],"translate":[{"time":0,"x":0,"y":0,"curve":"stepped"},{"time":1,"x":0,"y":0}]},"forearm2":{"rotate":[{"time":0,"angle":20.06,"curve":"stepped"},{"time":1,"angle":20.06}],"translate":[{"time":0,"x":0,"y":0,"curve":"stepped"},{"time":1,"x":0,"y":0}]},"L_Ankle":{"rotate":[{"time":0,"angle":0,"curve":"stepped"},{"time":1,"angle":0}],"translate":[{"time":0,"x":0,"y":0,"curve":"stepped"},{"time":1,"x":0,"y":0}]},"R_Ankle":{"rotate":[{"time":0,"angle":0,"curve":"stepped"},{"time":1,"angle":0}],"translate":[{"time":0,"x":0,"y":0,"curve":"stepped"},{"time":1,"x":0,"y":0}]},"mantles":{"rotate":[{"time":0,"angle":0,"curve":"stepped"},{"time":1,"angle":0}],"translate":[{"time":0,"x":0,"y":0,"curve":"stepped"},{"time":1,"x":0,"y":0}]},"shin1":{"rotate":[{"time":0,"angle":0,"curve":"stepped"},{"time":1,"angle":0}],"translate":[{"time":0,"x":0,"y":0,"curve":"stepped"},{"time":1,"x":0,"y":0}]},"shin2":{"rotate":[{"time":0,"angle":0,"curve":"stepped"},{"time":1,"angle":0}],"translate":[{"time":0,"x":0,"y":0,"curve":"stepped"},{"time":1,"x":0,"y":0}]},"capeRoot":{"rotate":[{"time":0,"angle":0,"curve":"stepped"},{"time":1,"angle":0}],"translate":[{"time":0,"x":0,"y":0,"curve":"stepped"},{"time":1,"x":0,"y":0}]},"cape1":{"rotate":[{"time":0,"angle":0,"curve":"stepped"},{"time":1,"angle":0}],"translate":[{"time":0,"x":0,"y":0,"curve":"stepped"},{"time":1,"x":0,"y":0}]},"hand1":{"rotate":[{"time":0,"angle":0,"curve":"stepped"},{"time":1,"angle":0}],"translate":[{"time":0,"x":0,"y":0,"curve":"stepped"},{"time":1,"x":0,"y":0}]},"hand2":{"rotate":[{"time":0,"angle":0,"curve":"stepped"},{"time":1,"angle":0}],"translate":[{"time":0,"x":0,"y":0,"curve":"stepped"},{"time":1,"x":0,"y":0}]},"cape2":{"rotate":[{"time":0,"angle":0,"curve":"stepped"},{"time":1,"angle":0}],"translate":[{"time":0,"x":0,"y":0,"curve":"stepped"},{"time":1,"x":0,"y":0}]},"weapon":{"rotate":[{"time":0,"angle":0,"curve":"stepped"},{"time":1,"angle":0}],"translate":[{"time":0,"x":0,"y":0,"curve":"stepped"},{"time":1,"x":0,"y":0}]},"cape3":{"rotate":[{"time":0,"angle":0,"curve":"stepped"},{"time":1,"angle":0}],"translate":[{"time":0,"x":0,"y":0,"curve":"stepped"},{"time":1,"x":0,"y":0}]},"cape4":{"rotate":[{"time":0,"angle":0,"curve":"stepped"},{"time":1,"angle":0}],"translate":[{"time":0,"x":0,"y":0,"curve":"stepped"},{"time":1,"x":0,"y":0}]}}},"Run":{"bones":{"L_Ground":{"rotate":[{"time":0,"angle":0}],"translate":[{"time":0,"x":2.23,"y":9},{"time":0.1666,"x":56.67,"y":22.49},{"time":0.2666,"x":43.56,"y":1.28},{"time":0.4333,"x":-13.3,"y":22.52},{"time":0.5,"x":2.23,"y":9}]},"foot1":{"rotate":[{"time":0,"angle":-65.99},{"time":0.2666,"angle":-3.82},{"time":0.4333,"angle":-46.96},{"time":0.5,"angle":-65.99}],"translate":[{"time":0,"x":0,"y":0}]},"R_Ground":{"rotate":[{"time":0,"angle":0}],"translate":[{"time":0,"x":-21.78,"y":0},{"time":0.1666,"x":-76.89,"y":42.65},{"time":0.2666,"x":-64.82,"y":24.22},{"time":0.4333,"x":-1.81,"y":22.99},{"time":0.5,"x":-21.78,"y":0}]},"thigh1":{"rotate":[{"time":0,"angle":0}],"translate":[{"time":0,"x":8.38,"y":0},{"time":0.1666,"x":30.15,"y":-1.89},{"time":0.2666,"x":19.46,"y":0},{"time":0.5,"x":8.38,"y":0}]},"thigh2":{"rotate":[{"time":0,"angle":0}],"translate":[{"time":0,"x":-12.98,"y":0},{"time":0.2666,"x":-32.47,"y":0},{"time":0.4333,"x":1.24,"y":0},{"time":0.5,"x":-12.98,"y":0}]},"foot2":{"rotate":[{"time":0,"angle":0},{"time":0.1666,"angle":-59.27},{"time":0.2666,"angle":-51.98},{"time":0.5,"angle":0}],"translate":[{"time":0,"x":0,"y":0}]},"Hip":{"rotate":[{"time":0,"angle":0}],"translate":[{"time":0,"x":0,"y":-2.17},{"time":0.1666,"x":0,"y":6.43},{"time":0.2666,"x":0,"y":-2.17},{"time":0.4333,"x":0,"y":6.43},{"time":0.5,"x":0,"y":-2.17}]},"body":{"rotate":[{"time":0,"angle":-11.09}],"translate":[{"time":0,"x":0,"y":-1.19},{"time":0.1333,"x":0,"y":1.37},{"time":0.2,"x":0,"y":-2.29},{"time":0.3666,"x":0,"y":1.37},{"time":0.4666,"x":0,"y":-2.29},{"time":0.5,"x":0,"y":-1.19}]},"mantles":{"rotate":[{"time":0,"angle":0}],"translate":[{"time":0,"x":0.72,"y":0},{"time":0.1333,"x":2.4,"y":0},{"time":0.2,"x":0,"y":0},{"time":0.3666,"x":2.4,"y":0},{"time":0.4666,"x":0,"y":0},{"time":0.5,"x":0.72,"y":0}]},"head":{"rotate":[{"time":0,"angle":7.24}],"translate":[{"time":0,"x":0,"y":0},{"time":0.1666,"x":1.87,"y":0},{"time":0.2666,"x":0,"y":0},{"time":0.4333,"x":1.87,"y":0},{"time":0.5,"x":0,"y":0}]},"upperarm1":{"rotate":[{"time":0,"angle":15.52,"curve":[0.362,0.44,0.754,1]},{"time":0.1666,"angle":-6.77,"curve":[0.25,0,0.75,1]},{"time":0.4,"angle":28.5},{"time":0.5,"angle":15.52}],"translate":[{"time":0,"x":0,"y":0,"curve":[0.25,0,0.75,1]},{"time":0.1666,"x":1.26,"y":0.47,"curve":[0.25,0,0.75,1]},{"time":0.2666,"x":0,"y":0,"curve":[0.25,0,0.75,1]},{"time":0.4333,"x":1.26,"y":0.47,"curve":[0.25,0,0.75,1]},{"time":0.5,"x":0,"y":0}]},"forearm1":{"rotate":[{"time":0,"angle":21.03,"curve":[0.381,0.54,0.742,1]},{"time":0.1,"angle":24.38},{"time":0.2,"angle":21,"curve":[0.25,0,0.75,1]},{"time":0.3666,"angle":15.26,"curve":[0.245,0,0.637,0.55]},{"time":0.5,"angle":21.03}],"translate":[{"time":0,"x":0,"y":0}]},"upperarm2":{"rotate":[{"time":0,"angle":-3.88,"curve":[0.351,0.4,0.756,1]},{"time":0.1666,"angle":3.82,"curve":[0.25,0,0.75,1]},{"time":0.4333,"angle":353.05,"curve":[0.264,0,0.617,0.42]},{"time":0.5,"angle":-3.88}],"translate":[{"time":0,"x":0,"y":0,"curve":[0.25,0,0.75,1]},{"time":0.1666,"x":4.66,"y":0,"curve":[0.25,0,0.75,1]},{"time":0.2666,"x":0,"y":0,"curve":[0.25,0,0.75,1]},{"time":0.4333,"x":4.66,"y":0,"curve":[0.25,0,0.75,1]},{"time":0.5,"x":0,"y":0}]},"forearm2":{"rotate":[{"time":0,"angle":11.12}],"translate":[{"time":0,"x":0,"y":0}]},"hand2":{"rotate":[{"time":0,"angle":6.7}],"translate":[{"time":0,"x":0,"y":0}]},"cape4":{"rotate":[{"time":0,"angle":0}],"translate":[{"time":0,"x":0,"y":0}]},"cape3":{"rotate":[{"time":0,"angle":0}],"translate":[{"time":0,"x":0,"y":0}]},"weapon":{"rotate":[{"time":0,"angle":0}],"translate":[{"time":0,"x":0,"y":0}]},"cape2":{"rotate":[{"time":0,"angle":0}],"translate":[{"time":0,"x":0,"y":0}]},"hand1":{"rotate":[{"time":0,"angle":0}],"translate":[{"time":0,"x":0,"y":0}]},"cape1":{"rotate":[{"time":0,"angle":0}],"translate":[{"time":0,"x":0,"y":0}]},"capeRoot":{"rotate":[{"time":0,"angle":0}],"translate":[{"time":0,"x":0,"y":0}]},"shin2":{"rotate":[{"time":0,"angle":0}],"translate":[{"time":0,"x":0,"y":0}]},"shin1":{"rotate":[{"time":0,"angle":0}],"translate":[{"time":0,"x":0,"y":0}]},"R_Ankle":{"rotate":[{"time":0,"angle":0}],"translate":[{"time":0,"x":0,"y":0}]},"L_Ankle":{"rotate":[{"time":0,"angle":0}],"translate":[{"time":0,"x":0,"y":0}]}},"events":[{"time":0.2666,"name":"Footstep"},{"time":0.5,"name":"Footstep"}]},"Walk":{"bones":{"L_Ground":{"rotate":[{"time":0,"angle":0}],"translate":[{"time":0,"x":0,"y":0,"curve":[0.243,0,0.648,0.6]},{"time":0.3333,"x":40.32,"y":14.53,"curve":[0.382,0.57,0.735,1]},{"time":0.5,"x":56.3,"y":0,"curve":[0.25,0,0.75,1]},{"time":1,"x":0,"y":0}]},"R_Ground":{"rotate":[{"time":0,"angle":0}],"translate":[{"time":0,"x":0,"y":0,"curve":[0.25,0,0.75,1]},{"time":0.5,"x":-53.31,"y":0,"curve":[0.243,0,0.648,0.6]},{"time":0.8333,"x":-15.12,"y":14.53,"curve":[0.382,0.57,0.735,1]},{"time":1,"x":0,"y":0}]},"thigh1":{"rotate":[{"time":0,"angle":0}],"translate":[{"time":0,"x":0,"y":0,"curve":[0.25,0,0.75,1]},{"time":0.5,"x":20.55,"y":0,"curve":[0.25,0,0.75,1]},{"time":1,"x":0,"y":0}]},"thigh2":{"rotate":[{"time":0,"angle":0}],"translate":[{"time":0,"x":0,"y":0,"curve":[0.25,0,0.75,1]},{"time":0.5,"x":-26.21,"y":0,"curve":[0.25,0,0.75,1]},{"time":1,"x":0,"y":0}]},"Hip":{"rotate":[{"time":0,"angle":0}],"translate":[{"time":0,"x":0,"y":-2.43,"curve":[0.25,0,0.75,1]},{"time":0.3333,"x":0,"y":0.61,"curve":[0.25,0,0.775,0.71]},{"time":0.5,"x":0,"y":-2.43,"curve":[0.25,0,0.75,1]},{"time":0.8333,"x":0,"y":1.22,"curve":[0.25,0,0.772,0.7]},{"time":1,"x":0,"y":-2.43}]},"body":{"rotate":[{"time":0,"angle":0}],"translate":[{"time":0,"x":0,"y":-0.96,"curve":[0.362,0.44,0.754,1]},{"time":0.1,"x":0,"y":-3.66,"curve":[0.25,0,0.75,1]},{"time":0.4333,"x":0,"y":0.6,"curve":[0.25,0,0.75,1]},{"time":0.6,"x":0,"y":-3.66,"curve":[0.25,0,0.75,1]},{"time":0.9333,"x":0,"y":0.6,"curve":[0.257,0,0.618,0.45]},{"time":1,"x":0,"y":-0.96}]},"head":{"rotate":[{"time":0,"angle":0}],"translate":[{"time":0,"x":2.77,"y":0,"curve":[0.32,0.28,0.757,1]},{"time":0.1333,"x":0,"y":0},{"time":0.4666,"x":3.19,"y":0,"curve":[0.25,0,0.75,1]},{"time":0.6333,"x":0,"y":0,"curve":[0.25,0,0.75,1]},{"time":0.9666,"x":3.19,"y":0,"curve":[0.284,0,0.625,0.38]},{"time":1,"x":2.77,"y":0}]},"mantles":{"rotate":[{"time":0,"angle":0}],"translate":[{"time":0,"x":0.94,"y":0,"curve":[0.381,0.54,0.742,1]},{"time":0.0666,"x":0,"y":0,"curve":[0.25,0,0.75,1]},{"time":0.4,"x":2.57,"y":0,"curve":[0.25,0,0.75,1]},{"time":0.5666,"x":0,"y":0,"curve":[0.25,0,0.75,1]},{"time":0.9,"x":2.57,"y":0,"curve":[0.245,0,0.637,0.55]},{"time":1,"x":0.94,"y":0}]},"upperarm1":{"rotate":[{"time":0,"angle":29.95,"curve":[0.25,0,0.75,1]},{"time":0.5,"angle":0,"curve":[0.25,0,0.75,1]},{"time":1,"angle":29.95}],"translate":[{"time":0,"x":0,"y":0},{"time":0.3333,"x":-1.29,"y":1.41},{"time":0.5,"x":0,"y":0},{"time":0.8333,"x":-1.29,"y":1.41},{"time":1,"x":0,"y":0}]},"L_Ankle":{"rotate":[{"time":0,"angle":0}],"translate":[{"time":0,"x":0,"y":0}]},"R_Ankle":{"rotate":[{"time":0,"angle":0}],"translate":[{"time":0,"x":0,"y":0}]},"shin1":{"rotate":[{"time":0,"angle":0}],"translate":[{"time":0,"x":0,"y":0}]},"shin2":{"rotate":[{"time":0,"angle":0}],"translate":[{"time":0,"x":0,"y":0}]},"upperarm2":{"rotate":[{"time":0,"angle":0}],"translate":[{"time":0,"x":0,"y":0}]},"capeRoot":{"rotate":[{"time":0,"angle":0}],"translate":[{"time":0,"x":0,"y":0}]},"foot1":{"rotate":[{"time":0,"angle":0}],"translate":[{"time":0,"x":0,"y":0}]},"foot2":{"rotate":[{"time":0,"angle":0}],"translate":[{"time":0,"x":0,"y":0}]},"forearm1":{"rotate":[{"time":0,"angle":0}],"translate":[{"time":0,"x":0,"y":0}]},"forearm2":{"rotate":[{"time":0,"angle":0}],"translate":[{"time":0,"x":0,"y":0}]},"cape1":{"rotate":[{"time":0,"angle":0}],"translate":[{"time":0,"x":0,"y":0}]},"hand1":{"rotate":[{"time":0,"angle":0}],"translate":[{"time":0,"x":0,"y":0}]},"hand2":{"rotate":[{"time":0,"angle":0}],"translate":[{"time":0,"x":0,"y":0}]},"cape2":{"rotate":[{"time":0,"angle":0}],"translate":[{"time":0,"x":0,"y":0}]},"weapon":{"rotate":[{"time":0,"angle":0}],"translate":[{"time":0,"x":0,"y":0}]},"cape3":{"rotate":[{"time":0,"angle":0}],"translate":[{"time":0,"x":0,"y":0}]},"cape4":{"rotate":[{"time":0,"angle":0}],"translate":[{"time":0,"x":0,"y":0}]}},"events":[{"time":0.5,"name":"Footstep"},{"time":1,"name":"Footstep"}]}}}